{
    "logistic_regression": {
        "accuracy": 0.8481012658227848,
        "f1_score": 0.88,
        "roc_auc": 0.939767779390421
    },
    "decision_tree": {
        "accuracy": 0.8481012658227848,
        "f1_score": 0.8775510204081632,
        "roc_auc": 0.8671988388969522
    },
    "random_forest": {
        "accuracy": 0.8860759493670886,
        "f1_score": 0.9108910891089109,
        "roc_auc": 0.940856313497823
    }
}